title,user,content,category,views,created_at
커리어 첫 150안타 돌파' 오타니 멀티히트로 LAA 4-3 승리,1,오타니는 28일(한국시간) 미국 캘리포니아주 애너하임 에인절 스타디움에서 열린 오클랜드와 2022 메이저리그 홈경기에서 3번 타자 겸 지명타자로 선발 출전해 4타수 2안타 1삼진으로 에인절스의 4-3 승리를 이끌었다.,2,2954,2022-09-22
롤드컵 파워랭킹,2,못 본 사람들을 위해 가져왔습니다.,4,555,2022-09-28
"토트넘, 손흥민에게 프리킥 맡겨라" 英 매체 주장,1,영국 매체 디 애슬레틱은 28일(현지시간) "토트넘이 세상에서 가장 쉬운 수수께끼를 풀지 못하고 있다. 손흥민에게 프리킥을 맡겨야 한다"고 전했다.,1,123,2022-09-29
'캡틴' 손흥민 영국 복귀 "행복한 시간 만들어주셔서 감사",1,손흥민은 오늘(29일) 자신의 인스타그램에 "대한민국 축구 국가대표팀♥ 2경기 동안 행복한 시간 만들어주셔서 감사합니다. 더 잘 준비해서 팀으로서 선수로서 더 좋은 모습 보여드리기 위해서 노력하겠습니다. 감사합니다"라고 글을 남기며 팬들에게 고마움을 전했습니다.,1,1234,2022-09-26
"토트넘, 손흥민에게 프리킥 맡겨라" 英 매체 주장,1,영국 매체 디 애슬레틱은 28일(현지시간) "토트넘이 세상에서 가장 쉬운 수수께끼를 풀지 못하고 있다. 손흥민에게 프리킥을 맡겨야 한다"고 전했다.,1,123,2022-09-29
'캡틴' 손흥민 영국 복귀 "행복한 시간 만들어주셔서 감사",1,손흥민은 오늘(29일) 자신의 인스타그램에 "대한민국 축구 국가대표팀♥ 2경기 동안 행복한 시간 만들어주셔서 감사합니다. 더 잘 준비해서 팀으로서 선수로서 더 좋은 모습 보여드리기 위해서 노력하겠습니다. 감사합니다"라고 글을 남기며 팬들에게 고마움을 전했습니다.,1,1234,2022-09-26
"토트넘, 손흥민에게 프리킥 맡겨라" 英 매체 주장,1,영국 매체 디 애슬레틱은 28일(현지시간) "토트넘이 세상에서 가장 쉬운 수수께끼를 풀지 못하고 있다. 손흥민에게 프리킥을 맡겨야 한다"고 전했다.,1,123,2022-09-29
'캡틴' 손흥민 영국 복귀 "행복한 시간 만들어주셔서 감사",1,손흥민은 오늘(29일) 자신의 인스타그램에 "대한민국 축구 국가대표팀♥ 2경기 동안 행복한 시간 만들어주셔서 감사합니다. 더 잘 준비해서 팀으로서 선수로서 더 좋은 모습 보여드리기 위해서 노력하겠습니다. 감사합니다"라고 글을 남기며 팬들에게 고마움을 전했습니다.,1,1234,2022-09-26
"토트넘, 손흥민에게 프리킥 맡겨라" 英 매체 주장,1,영국 매체 디 애슬레틱은 28일(현지시간) "토트넘이 세상에서 가장 쉬운 수수께끼를 풀지 못하고 있다. 손흥민에게 프리킥을 맡겨야 한다"고 전했다.,1,123,2022-09-29
'캡틴' 손흥민 영국 복귀 "행복한 시간 만들어주셔서 감사",1,손흥민은 오늘(29일) 자신의 인스타그램에 "대한민국 축구 국가대표팀♥ 2경기 동안 행복한 시간 만들어주셔서 감사합니다. 더 잘 준비해서 팀으로서 선수로서 더 좋은 모습 보여드리기 위해서 노력하겠습니다. 감사합니다"라고 글을 남기며 팬들에게 고마움을 전했습니다.,1,1234,2022-09-26